label,count
MILK study team,22199
Anonymous,19508
Hospital Clínic de Barcelona,18063
Imperial College London,12333
Memorial Sloan Kettering Cancer Center,6305
"ViDIR Group, Department of Dermatology, Medical University of Vienna",5487
Federal University of Espírito Santo (UFES),2298
"Department of Dermatology, University of Athens, Andreas Syggros Hospital of Skin and Venereal Diseases, Alexander Stratigos, Konstantinos Liopyris",1822
Hospital Italiano de Buenos Aires,1286
International Dermoscopy Society,666
"Sydney Melanoma Diagnostic Center at Royal Prince Alfred Hospital, Pascale Guitera",433
"Department of Dermatology, Hospital Clínic de Barcelona",387
"Department of Dermatology, Medical University of Vienna",328
"""Repeated dermoscopic images of melanocytic lesions"" by University Hospital Basel / CC-BY-NC",245
"Frazer Institute, The University of Queensland, Dermatology Research Centre",217
Sydney Melanoma Diagnostic Center at Royal Prince Alfred Hospital,187
"The University of Queensland Diamantina Institute, The University of Queensland, Dermatology Research Centre",182
"Title: ISIC 2024 Basel 
Source: University Hospital of Basel
License: Creative Commons Attribution-NonCommercial (CC BY-NC)",146
